{
  "accuracy": 0.6481481481481481,
  "report": {
    "early": {
      "precision": 0.0,
      "recall": 0.0,
      "f1-score": 0.0,
      "support": 3.0
    },
    "late": {
      "precision": 0.6060606060606061,
      "recall": 0.625,
      "f1-score": 0.6153846153846154,
      "support": 32.0
    },
    "middle": {
      "precision": 0.35294117647058826,
      "recall": 0.3157894736842105,
      "f1-score": 0.3333333333333333,
      "support": 19.0
    },
    "accuracy": 0.48148148148148145,
    "macro avg": {
      "precision": 0.3196672608437314,
      "recall": 0.31359649122807015,
      "f1-score": 0.3162393162393162,
      "support": 54.0
    },
    "weighted avg": {
      "precision": 0.4833300323496402,
      "recall": 0.48148148148148145,
      "f1-score": 0.4819563152896486,
      "support": 54.0
    }
  }
}