{
  "accuracy": 0.5292841648590022,
  "report": {
    "early": {
      "precision": 0.11764705882352941,
      "recall": 0.043478260869565216,
      "f1-score": 0.06349206349206349,
      "support": 46.0
    },
    "late": {
      "precision": 0.5160256410256411,
      "recall": 0.7703349282296651,
      "f1-score": 0.6180422264875239,
      "support": 209.0
    },
    "middle": {
      "precision": 0.5909090909090909,
      "recall": 0.3786407766990291,
      "f1-score": 0.46153846153846156,
      "support": 206.0
    },
    "accuracy": 0.5227765726681128,
    "macro avg": {
      "precision": 0.4081939302527538,
      "recall": 0.39748465526608645,
      "f1-score": 0.38102425050601635,
      "support": 461.0
    },
    "weighted avg": {
      "precision": 0.5097362178037181,
      "recall": 0.5227765726681128,
      "f1-score": 0.49277306579924185,
      "support": 461.0
    }
  }
}