{
  "accuracy": 0.36666666666666664,
  "report": {
    "early": {
      "precision": 0.0,
      "recall": 0.0,
      "f1-score": 0.0,
      "support": 7.0
    },
    "late": {
      "precision": 0.3333333333333333,
      "recall": 0.6190476190476191,
      "f1-score": 0.43333333333333335,
      "support": 21.0
    },
    "middle": {
      "precision": 0.47058823529411764,
      "recall": 0.25,
      "f1-score": 0.32653061224489793,
      "support": 32.0
    },
    "accuracy": 0.35,
    "macro avg": {
      "precision": 0.2679738562091503,
      "recall": 0.2896825396825397,
      "f1-score": 0.2532879818594104,
      "support": 60.0
    },
    "weighted avg": {
      "precision": 0.3676470588235294,
      "recall": 0.35,
      "f1-score": 0.3258163265306122,
      "support": 60.0
    }
  }
}