{
  "accuracy": 0.3628691983122363,
  "report": {
    "early": {
      "precision": 0.0,
      "recall": 0.0,
      "f1-score": 0.0,
      "support": 78.0
    },
    "late": {
      "precision": 0.2756756756756757,
      "recall": 0.864406779661017,
      "f1-score": 0.4180327868852459,
      "support": 59.0
    },
    "middle": {
      "precision": 0.34615384615384615,
      "recall": 0.18,
      "f1-score": 0.23684210526315788,
      "support": 100.0
    },
    "accuracy": 0.2911392405063291,
    "macro avg": {
      "precision": 0.20727650727650726,
      "recall": 0.348135593220339,
      "f1-score": 0.21829163071613458,
      "support": 237.0
    },
    "weighted avg": {
      "precision": 0.21468459696307796,
      "recall": 0.2911392405063291,
      "f1-score": 0.20400061161411517,
      "support": 237.0
    }
  }
}