{
  "accuracy": 0.5497835497835498,
  "report": {
    "early": {
      "precision": 0.5263157894736842,
      "recall": 0.3333333333333333,
      "f1-score": 0.40816326530612246,
      "support": 30.0
    },
    "late": {
      "precision": 0.535483870967742,
      "recall": 0.7980769230769231,
      "f1-score": 0.640926640926641,
      "support": 104.0
    },
    "middle": {
      "precision": 0.5263157894736842,
      "recall": 0.30927835051546393,
      "f1-score": 0.38961038961038963,
      "support": 97.0
    },
    "accuracy": 0.5324675324675324,
    "macro avg": {
      "precision": 0.5293718166383701,
      "recall": 0.4802295356419068,
      "f1-score": 0.47956676528105097,
      "support": 231.0
    },
    "weighted avg": {
      "precision": 0.5304434105792339,
      "recall": 0.5324675324675324,
      "f1-score": 0.5051665645357668,
      "support": 231.0
    }
  }
}