{
  "accuracy": 0.5370370370370371,
  "report": {
    "early": {
      "precision": 0.3333333333333333,
      "recall": 0.1111111111111111,
      "f1-score": 0.16666666666666666,
      "support": 9.0
    },
    "late": {
      "precision": 0.5161290322580645,
      "recall": 0.6956521739130435,
      "f1-score": 0.5925925925925926,
      "support": 23.0
    },
    "middle": {
      "precision": 0.6,
      "recall": 0.5454545454545454,
      "f1-score": 0.5714285714285714,
      "support": 22.0
    },
    "accuracy": 0.5370370370370371,
    "macro avg": {
      "precision": 0.4831541218637992,
      "recall": 0.4507392768262333,
      "f1-score": 0.4435626102292769,
      "support": 54.0
    },
    "weighted avg": {
      "precision": 0.5198327359617682,
      "recall": 0.5370370370370371,
      "f1-score": 0.5129825592788556,
      "support": 54.0
    }
  }
}